job_role,skills
Data Scientist,Python Machine_Learning SQL Statistics Data_Analysis TensorFlow Pandas NumPy Data_Visualization Deep_Learning
Backend Developer,Python Java Node.js SQL REST_APIs Databases Docker Git MongoDB Express
Frontend Developer,JavaScript React HTML CSS TypeScript Vue Figma UI_UX Node.js Webpack
DevOps Engineer,Docker Kubernetes AWS CI_CD Linux Git Terraform Ansible Cloud Automation
Cloud Architect,AWS Azure Google_Cloud Cloud Docker Kubernetes Networking Security Terraform Automation
ML Engineer,Python Machine_Learning TensorFlow PyTorch Deep_Learning MLOps Docker Algorithms NumPy Statistics
Mobile Developer,Swift Kotlin React_Native Flutter Java iOS Android REST_APIs Firebase UI_UX
Cybersecurity Analyst,Networking Security Linux Penetration_Testing Python Cryptography Firewalls SIEM Incident_Response Risk_Analysis
Full Stack Developer,JavaScript React Node.js Python SQL REST_APIs HTML CSS Docker Git
Data Engineer,Python SQL Spark Hadoop ETL Data_Warehousing Airflow Kafka Cloud Databases
Systems Programmer,C C++ Linux Assembly Algorithms Memory_Management Multithreading OS_Concepts Networking Rust
AI Research Scientist,Python Deep_Learning Machine_Learning Statistics TensorFlow PyTorch Algorithms Mathematics Research NLP
Database Administrator,SQL Databases PostgreSQL MongoDB MySQL Backup Performance_Tuning Security Linux Cloud
Site Reliability Engineer,Linux Docker Kubernetes Python Monitoring Automation CI_CD Cloud Networking Git
Embedded Systems Engineer,C C++ Embedded_Systems IoT RTOS Microcontrollers Hardware Networking Assembly Linux
